{
    "loss": 17.984540939331055,
    "accuracy": 0.5395683646202087
}