{
    "loss": 14.552107810974121,
    "accuracy": 0.5467625856399536
}